<?xml version="1.0" encoding="utf-8" standalone="no" ?>
<placeable type="objectStorage" xmlns:xsi="http://www.w3.org/2001/XMLSchema-instance" xsi:noNamespaceSchemaLocation="../../../../../shared/xml/schema/placeable.xsd">
    <storeData>
        <name>Breakfast Challenge Diner</name>
        <functions>
            <function>$l10n_function_objectStorage</function>
        </functions>
        <image>store_dinerStorage.dds</image>
        <price>1000</price>
        <dailyUpkeep>10</dailyUpkeep>
        <lifetime>1000</lifetime>
        <rotation>0</rotation>
        <brand>NONE</brand>
        <species>placeable</species>
        <category>storages</category>
        <brush>
            <type>placeable</type>
            <category>buildings</category>
            <tab>sheds</tab>
        </brush>
        <canBeSold>true</canBeSold>
        <showInStore>true</showInStore>
    </storeData>

    <base>
        <filename>dinerStorage.i3d</filename>
    </base>

    <placement useRandomYRotation="false" useManualYRotation="true" >


        <sounds>
            <place template="smallImp" pitchScale="1.4"/>
        </sounds>
    </placement>

    <clearAreas>
        <clearArea startNode="clearArea1Start" widthNode="clearArea1Width" heightNode="clearArea1Height"/>
    </clearAreas>

    <leveling requireLeveling="true" maxSmoothDistance="1" maxSlope="75" maxEdgeAngle="30">
        <levelAreas>
            <levelArea startNode="levelArea1Start" widthNode="levelArea1Width" heightNode="levelArea1Height"/>
        </levelAreas>
    </leveling>

	<indoorAreas />

	<triggerMarkers>
        <triggerMarker node="warningStripes" />
        <triggerMarker node="playerTriggerMarker" filename="$data/shared/assets/marker/markerIcons.xml" id="LOAD"   adjustToGround="true" />
        <triggerMarker node="objectTriggerMarker" filename="$data/shared/assets/marker/markerIcons.xml" id="UNLOAD" adjustToGround="true" />
    </triggerMarkers>

    <ai>
        <updateAreas>
            <updateArea startNode="tipOcclusionUpdateArea1Start" endNode="tipOcclusionUpdateArea1End" />
        </updateAreas>
    </ai>

    <hotspots>
        <hotspot type="LOADING" />
    </hotspots>

    <infoTrigger triggerNode="infoTrigger"/>

    <objectStorage supportsBales="true" supportsPallets="true" maxLength="8.5" maxWidth="6" maxHeight="3.5" capacity="1000">
        <playerTrigger node="playerTrigger" />
        <objectTrigger node="objectTrigger" />
        <spawnAreas>
            <spawnArea startNode="spawnArea1Start" endNode="spawnArea1End"/>
        </spawnAreas>
        <storageAreas>
            <storageArea startNode="storageArea1Start" endNode="storageArea1End"/>
        </storageAreas>
    </objectStorage>

	<pointOfInterest>
        <point triggerNode="objectTrigger" text="$l10n_poi_objectStorageUnload" showOwner="true"  showEveryone="false"/>
        <point triggerNode="playerTrigger" text="$l10n_poi_objectStorageLoad"   showOwner="true"  showEveryone="false" />
    </pointOfInterest>


    <i3dMappings>
        <i3dMapping id="clearArea1Start" node="0>0|0" />
        <i3dMapping id="clearArea1Width" node="0>0|0|0" />
        <i3dMapping id="clearArea1Height" node="0>0|0|1" />
        <i3dMapping id="levelArea1Start" node="0>1|0" />
        <i3dMapping id="levelArea1Width" node="0>1|0|0" />
        <i3dMapping id="levelArea1Height" node="0>1|0|1" />
        <i3dMapping id="tipOcclusionUpdateArea1Start" node="0>4|0" />
        <i3dMapping id="tipOcclusionUpdateArea1End" node="0>4|0|0" />

		<i3dMapping id="spawnArea1Start" node="0>3|0|0" />
        <i3dMapping id="spawnArea1End" node="0>3|0|0|0" />
        <i3dMapping id="storageArea1Start" node="0>3|0|1" />
        <i3dMapping id="storageArea1End" node="0>3|0|1|0" />
        <i3dMapping id="objectTrigger" node="0>3|1" />
        <i3dMapping id="objectTriggerMarker" node="0>3|1|0" />
        <i3dMapping id="warningStripes" node="0>3|1|1" />
        <i3dMapping id="playerTrigger" node="0>3|2" />
        <i3dMapping id="playerTriggerMarker" node="0>3|2|0" />
        <i3dMapping id="infoTrigger" node="0>3|3" />

    </i3dMappings>
</placeable>
